1,1,0,1,top_01.jpg,md2_bg01.jpg,md0100f.jpg,md0100n.jpg,mt1_bg01.jpg
2,1,0,2,top_02.jpg,md2_bg01.jpg,md0200f.jpg,md0200n.jpg,mt1_bg01.jpg
3,1,0,3,top_03.jpg,md2_bg01.jpg,md0300f.jpg,md0300n.jpg,mt1_bg01.jpg
4,1,0,4,top_04.jpg,md2_bg01.jpg,md0400f.jpg,md0400n.jpg,mt1_bg01.jpg
5,1,0,5,top_05.jpg,md2_bg01.jpg,md0500f.jpg,md0500n.jpg,mt1_bg01.jpg
6,1,0,6,top_06.jpg,md2_bg01.jpg,md0600f.jpg,md0600n.jpg,mt1_bg01.jpg
7,1,0,7,top_07.jpg,md2_bg01.jpg,md0700f.jpg,md0700n.jpg,mt1_bg01.jpg
8,1,0,8,top_08.jpg,md2_bg01.jpg,md0800f.jpg,md0800n.jpg,mt1_bg01.jpg
9,1,0,9,top_09.jpg,md2_bg01.jpg,md0900f.jpg,md0900n.jpg,mt1_bg01.jpg
10,1,0,10,top_10.jpg,md2_bg01.jpg,md1000f.jpg,md1000n.jpg,mt1_bg01.jpg
